<?xml version="1.0" encoding="UTF-8"?>
<!--Example-1-->
<!--XML document about a Library-->

<library>
    <book>
        <title>The Great Gatsby</title>
        <author>F. Scott Fitzgerald</author>
        <publishedYear>1925</publishedYear>
        <genre>Fiction</genre>
        <ISBN>978-0-7432-7356-5</ISBN>
    </book>
    <book>
        <title>To Kill a Mockingbird</title>
        <author>Harper Lee</author>
        <publishedYear>1960</publishedYear>
        <genre>Fiction</genre>
        <ISBN>978-0-06-112008-4</ISBN>
    </book>
</library>


