<?xml version="1.0" encoding="UTF-8"?>
<library>

    <book>
        <title>"The Great Gatsby"</title>
        <author>Lee John</author><!-- Not Using an entity reference will give an error -->
        <publishedYear>1925</publishedYear>
        <genre>Fiction</genre>
        <ISBN>978-0-7432-7356-5</ISBN>
    </book>

    <book>
        <title>&quot;The Great Gatsby&quot;</title>
        <author>Lee &amp; John</author> <!-- Using an entity reference -->
        <publishedYear>1925</publishedYear>
        <genre>&apos;Fiction&apos;</genre>
        <ISBN>978-0-7432-7356-5</ISBN>
    </book>


    <!-- This is a valid comment -->
    <!--
    This is an example of multi-line comment.
    It can span multiple lines.
    -->

    <!-- This is an invalid comment with a double-dash inside -->

</library>
