<?xml version="1.0" encoding="UTF-8"?>
<library xmlns:lib="http://www.library-ex-4.com/library"
         xmlns:book="http://www.library-ex-4.com/books">

    <lib:libraryInfo>
        <lib:name>Central Library</lib:name>
        <lib:location>New York</lib:location>
    </lib:libraryInfo>

    <book:book>
        <book:title>The Great Gatsby</book:title>
        <book:author>F. Scott Fitzgerald</book:author>
        <book:publishedYear>1925</book:publishedYear>
        <book:genre>Fiction</book:genre>
        <book:ISBN>978-0-7432-7356-5</book:ISBN>
    </book:book>

    <book:book>
        <book:title>To Kill a Mockingbird</book:title>
        <book:author>Harper Lee</book:author>
        <book:publishedYear>1960</book:publishedYear>
        <book:genre>Fiction</book:genre>
        <book:ISBN>978-0-06-112008-4</book:ISBN>
    </book:book>

</library>
