<?xml version="1.0" encoding="UTF-8"?>
<library>
    <book id="1">
        <title>The Great Gatsby</title>
        <author>F. Scott Fitzgerald</author>
        <publishedYear>1925</publishedYear>
        <genre>Fiction</genre>
        <ISBN>978-0-7432-7356-5</ISBN>
    </book>
    <book id="2">
        <title>To Kill a Mockingbird</title>
        <author>Harper Lee</author>
        <publishedYear>1960</publishedYear>
        <genre>Fiction</genre>
        <ISBN>978-0-06-112008-4</ISBN>
    </book>
    <!--
        for $book in /library/book 
        return $book/title

        Result:
        The Great Gatsby
        To Kill a Mockingbird

        for $book in /library/book[genre = 'Fiction']
        return $book/author

        Result:
        Harper Lee

        for $book in /library/book[publishedYear < 1960] 
        return $book
    -->

    <!-- save the query as query.xq and then execute in Terminal
        
    for $book in doc("Ex_6.xml")//book
    return $book/title/text()

    Result:

    The Great Gatsby
    To Kill a Mockingbird
-->




</library>
